"Customer ID"	"Customer Credit ID"	"Customer Name"	"Contact First Name"	"Contact Last Name"	"Contact Title"	"Contact Position"	"Last Year's Sales"	"Address1"	"Address2"	"City"	"Region"	"Country"	"Postal Code"	"E-mail"	"Web Site"	"Phone"	"Fax"
1	1	"City Cyclists"	"Chris"	"Christianson"	"Mr."	"Sales Manager"	20045.27	"7464 South Kingsway"	"Suite 2006"	"Sterling Heights"	"MI"	"USA"	"48358"	"Christianson@bba.com"	"http://www.crystaldecisions.com"	"810-939-6479"	"810-939-6602"
2	2	"Pathfinders"	"Christine"	"Manley"	"Miss"	"Sales Representative"	26369.63	"410 Eighth Avenue"		"DeKalb"	"IL"	"USA"	"60148"	"Manley@arubasport.com"	"http://www.crystaldecisions.com"	"815-756-9831"	"815-756-7536"
3	3	"Bike-A-Holics Anonymous"	"Gary"	"Jannis"	"Mr."	"Sales Associate"	4500.00	"7429 Arbutus Boulevard"	"Suite 2017"	"Blacklick"	"OH"	"USA"	"43005"	"Jannis@downunderbikes.com"	"http://www.crystaldecisions.com"	"614-759-9924"	"614-759-6343"
4	4	"Psycho-Cycle"	"Alexander"	"Mast"	"Mr."	"Sales Representative"	52809.11	"8287 Scott Road"		"Huntsville"	"AL"	"USA"	"35818"	"Mast@canbikes.com"	"http://www.crystaldecisions.com"	"205-430-0587"	"205-430-7737"
5	5	"Sporting Wheels Inc."	"Patrick"	"Reyess"	"Mr."	"Sales Associate"	85642.56	"480 Grant Way"	"Suite 1110"	"San Diego"	"CA"	"USA"	"92150"	"Reyess@kangerootrikes.com"	"http://www.crystaldecisions.com"	"619-457-3186"	"619-457-9017"
6	6	"Rockshocks for Jocks"	"Heather"	"Davis"	"Ms."	"Sales Representative"	40778.52	"1984 Sydney Street"		"Austin"	"TX"	"USA"	"78770"	"Davis@brucebikes.com"	"http://www.crystaldecisions.com"	"512-349-7705"	"512-349-4983"
7	7	"Poser Cycles"	"Alex"	"Smith"	"Mr."	"Sales Agent"	10923.00	"8194 Peter Avenue"		"Eden Prairie"	"MN"	"USA"	"55360"	"Smith@peddlesofperth.com"	"http://www.crystaldecisions.com"	"612-947-4320"	"612-947-9422"
8	8	"Spokes 'N Wheels Ltd."	"Kristina"	"Chester"	"Miss"	"Sales Representative"	25521.31	"3802 Georgia Court"		"Des Moines"	"IA"	"USA"	"50305"	"Chester@koalaroad.com"	"http://www.crystaldecisions.com"	"515-237-7769"	"515-237-9671"
9	9	"Trail Blazer's Place"	"Alexandra"	"Burris"	"Mrs."	"Owner"	123658.46	"6938 Beach Street"		"Madison"	"WI"	"USA"	"53795"	"Burris@devilbikes.com"	"http://www.crystaldecisions.com"	"608-273-4883"	"608-273-0423"
10	10	"Rowdy Rims Company"	"Anthony"	"Shoemaker"	"Dr."	"Sales Agent"	30131.46	"4861 Second Road"		"Newbury Park"	"CA"	"USA"	"91341"	"Shoemaker@piccolobike.com"	"http://www.crystaldecisions.com"	"805-375-0117"	"805-375-3533"
11	11	"Clean Air Transportation Co."	"Bill"	"Carter"	"Mr."	"Sales Associate"	23789.25	"1867 Thurlow Lane"	"Suite 1304"	"Conshohocken"	"PA"	"USA"	"19453"	"Carter@BCS.com"	"http://www.crystaldecisions.com"	"610-941-5771"	"610-941-0216"
12	12	"Hooked on Helmets"	"Gerry"	"Wade"	"Mr."	"Owner"	52963.82	"7655 Mayberry Crescent"	"Suite 209"	"Eden Prairie"	"MN"	"USA"	"55327"	"Wade@dhakabike.com"	"http://www.crystaldecisions.com"	"612-947-3344"	"612-947-6477"
13	13	"C-Gate Cycle Shoppe"	"Matthew"	"Banks"	"Mr."	"Owner"	29618.11	"413 Robson Lane"	"Suite 1809"	"Winchester"	"VA"	"USA"	"22618"	"Banks@barbadossports.com"	"http://www.crystaldecisions.com"	"540-662-7167"	"540-662-2730"
14	14	"Alley Cat Cycles"	"Rick"	"Pratt"	"Mr."	"Owner"	298356.22	"1842 St. Anne Place"	"Suite 618"	"Concord"	"MA"	"USA"	"01733"	"Pratt@belgiumbike.com"	"http://www.crystaldecisions.com"	"508-287-8535"	"508-28-73694"
15	15	"The Bike Cellar"	"Christopher"	"Carmine"	"Mr."	"Sales Manager"	30938.67	"8404 Nelson Lane"	"Suite 2512"	"Winchester"	"VA"	"USA"	"22616"	"Carmine@royalcycle.com"	"http://www.crystaldecisions.com"	"540-662-2540"	"540-662-1333"
16	16	"Hercules Mountain Bikes"	"James"	"Sergent"	"Mr."	"Sales Manager"	18000.00	"8586 St. Andrew Crescent"		"DeKalb"	"IL"	"USA"	"60187"	"Sergent@biccm.com"	"http://www.crystaldecisions.com"	"815-756-1819"	"815-756-7443"
17	17	"Whistler Rentals"	"Will"	"Castillo"	"Mr."	"Owner"	68000.00	"4501 Third Street"	"Suite 913"	"Tualatin"	"OR"	"USA"	"97051"	"Castillo@brasiliaoutdoors.com"	"http://www.crystaldecisions.com"	"503-647-3363"	"503-647-5593"
18	18	"Bikes and Trikes"	"Ian"	"Kelly"	"Mr."	"Owner"	12000.00	"2793 Highland Boulevard"		"Sterling Heights"	"MI"	"USA"	"48335"	"Kelly@rdjbikes.com"	"http://www.crystaldecisions.com"	"810-939-2133"	"810-939-9564"
19	19	"Changing Gears"	"David"	"Baker"	"Mr."	"Sales Agent"	26705.65	"1600 Hyde Crescent"		"Irvine"	"CA"	"USA"	"92750"	"Baker@saveirosbike.com"	"http://www.crystaldecisions.com"	"714-450-7009"	"714-450-4103"
20	20	"Wheels and Stuff"	"Dan"	"Simpson"	"Mr."	"Sales Agent"	25556.11	"2530 Bute Avenue"		"Clearwater"	"FL"	"USA"	"34666"	"Simpson@outdoors.com"	"http://www.crystaldecisions.com"	"813-539-9862"	"813-539-1602"
21	21	"Uni-Cycle"	"Daryl"	"Davidson"	"Mr."	"Sales Manager"	52428.13	"1008 Kerr Street"		"Blacklick"	"OH"	"USA"	"43042"	"Davidson@brasiliabike.com"	"http://www.crystaldecisions.com"	"614-759-8634"	"614-7592673"
22	22	"Crank Components"	"Lori"	"McIsaac"	"Miss"	"Sales Representative"	8030.11	"8001 Oxford Street"		"Champaign"	"IL"	"USA"	"61870"	"McIsaac@salvadobikestore.com"	"http://www.crystaldecisions.com"	"217-359-3547"	"217-359-2074"
23	23	"Corporate Cycle"	"Annie"	"Harper"	"Mrs."	"Sales Representative"	27081.31	"2922 Cambridge Way"		"Des Moines"	"IA"	"USA"	"50392"	"Harper@paradix.com"	"http://www.crystaldecisions.com"	"515-237-9995"	"515-237-0325"
24	24	"Pedal Pusher Bikes Inc."	"Tony"	"Garneau"	"Mr."	"Sales Associate"	39277.38	"4537 Robson Way"	"Suite 2829"	"Port Coquitlam"	"BC"	"Canada"	"V3C 5U3"	"Garneau@cyclefever.com"	"http://www.crystaldecisions.com"	"604-941-4617"	"604-941-1657"
25	25	"Extreme Cycling"	"Zach"	"Fabro"	"Mr."	"Sales Manager"	69819.10	"1925 Glenaire Avenue"	"Suite 2705"	"Clearwater"	"FL"	"USA"	"34638"	"Fabro@dtom.com"	"http://www.crystaldecisions.com"	"813-539-4247"	"813-539-5445"
26	26	"Blazing Saddles"	"Trisha"	"Sanders"	"Ms."	"Sales Manager"	42709.86	"4755 Seventieth Street"	"Suite 206"	"Brown Deer"	"WI"	"USA"	"53226"	"Sanders@dagcity.com"	"http://www.crystaldecisions.com"	"414-354-0524"	"414-354-7009"
27	27	"The Great Bike Shop"	"Jon"	"Witt"	"Mr."	"Owner"	15218.09	"1922 Beach Crescent"	"Suite 914"	"Huntsville"	"AL"	"USA"	"35857"	"Witt@wnd.com"	"http://www.crystaldecisions.com"	"205-430-1083"	"205-430-6075"
28	28	"Pedals Inc."	"Patricia"	"Manon"	"Miss"	"Sales Manager"	5000.00	"8922 Field Street"		"Madison"	"WI"	"USA"	"53795"	"Manon@ppb.com"	"http://www.crystaldecisions.com"	"608-273-4233"	"608-273-7668"
29	29	"Blazing Bikes"	"Gary"	"Campbell"	"Mr."	"Sales Associate"	19193.68	"5202 Matthew Boulevard"		"Eden Prairie"	"MN"	"USA"	"55334"	"Campbell@bft.com"	"http://www.crystaldecisions.com"	"612-947-5737"	"612-947-5930"
30	30	"Spokes for Folks"	"Brent"	"Lansing"	"Mr."	"Owner"	47228.64	"2340 Alexander Way"		"Hightstown"	"NJ"	"USA"	"08557"	"Lansing@cyclessports.com"	"http://www.crystaldecisions.com"	"609-426-4114"	"609-426-6467"
31	31	"To The Limit Biking Co."	"Richard"	"Grewal"	"Mr."	"Sales Agent"	32487.13	"6042 Fell Court"		"Nampa"	"ID"	"USA"	"83649"	"Grewal@bikingit.com"	"http://www.crystaldecisions.com"	"208-893-5621"	"208-893-9208"
32	32	"Spokes"	"Sheryl"	"Rodgers"	"Mrs."	"Sales Associate"	27154.90	"964 Jester Court"	"Suite 2213"	"DeKalb"	"IL"	"USA"	"60128"	"Rodgers@crazyw.com"	"http://www.crystaldecisions.com"	"815-756-3253"	"815-756-5386"
33	33	"Fulcrum Cycles"	"Markus"	"Holt"	"Dr."	"Sales Manager"	12013.96	"170 St. Joseph Boulevard"	"Suite 2023"	"Winchester"	"VA"	"USA"	"22691"	"Holt@hcc.com"	"http://www.crystaldecisions.com"	"540-662-9895"	"540-662-8254"
34	34	"Off the Mountain Biking"	"Laurie"	"Lee-Johnson"	"Ms."	"Sales Manager"	25000.00	"192 St. Luke Boulevard"	"Suite 1724"	"Irvine"	"CA"	"USA"	"92725"	"Lee-Johnson@bss.com"	"http://www.crystaldecisions.com"	"714-450-3622"	"714-450-9776"
35	35	"Mad Mountain Bikes"	"Tracy"	"Hanna"	"Miss"	"Sales Representative"	35009.22	"1995 Melbourne Street"	"Suite 2813"	"Nampa"	"ID"	"USA"	"83683"	"Hanna@galaxy.com"	"http://www.crystaldecisions.com"	"208-893-5874"	"208-893-2316"
36	36	"Road Runners Paradise"	"Julia"	"Jackson"	"Mrs."	"Sales Representative"	20747.24	"1053 Adelaide Street"		"Kingston"	"RI"	"USA"	"02880"	"Jackson@mindong.com"	"http://www.crystaldecisions.com"	"401-788-3133"	"401-788-9590"
37	37	"Has Been Bikes (consignment)"	"Jane"	"Fasan"	"Ms."	"Sales Agent"	300.00	"5307 Victoria Avenue"		"Kingston"	"RI"	"USA"	"02827"	"Fasan@aic.com"	"http://www.crystaldecisions.com"	"401-788-2853"	"401-7889494"
38	38	"Tyred Out"	"Donald"	"Edwards"	"Mr."	"Owner"	18126.33	"3687 Kerrisdale Street"	"Suite 2115"	"Santa Ana"	"CA"	"USA"	"92721"	"Edwards@ccsp.com"	"http://www.crystaldecisions.com"	"714-751-5999"	"714-751-3440"
39	39	"Wheels Inc."	"Stacy"	"Bodnar"	"Mrs."	"Sales Representative"	21642.14	"7044 King Georfe Street"	"Suite 717"	"Des Moines"	"IA"	"USA"	"50356"	"Bodnar@newpeople.com"	"http://www.crystaldecisions.com"	"515-237-9667"	"515-237-0461"
40	40	"Cyclist's Trail Co."	"Alexa"	"Quartermaine"	"Miss"	"Sales Manager"	15937.96	"4122 Panorama Place"	"Suite 2807"	"Sterling Heights"	"MI"	"USA"	"48320"	"Quartermaine@globebike.com"	"http://www.crystaldecisions.com"	"810-939-0489"	"810-939-1611"
41	41	"Deals on Wheels"	"Ron"	"Cunningham"	"Mr."	"Sales Manager"	11717.24	"6073 Cambie Court"	"Suite 1214"	"DeKalb"	"IL"	"USA"	"60153"	"Cunningham@haonannu.com"	"http://www.crystaldecisions.com"	"815-756-7678"	"815-756-4293"
42	42	"Rad Bikes"	"Jerry"	"Esler"	"Mr."	"Sales Agent"	41954.72	"8217 Prince Edward Place"		"Tualatin"	"OR"	"USA"	"97068"	"Esler@yuexiu.com"	"http://www.crystaldecisions.com"	"503-647-4484"	"503-647-1117"
43	43	"Insane Cycle"	"Nadine"	"Scott"	"Miss"	"Owner"	8000.00	"5198 Argus Place"		"Conshohocken"	"PA"	"USA"	"19442"	"Scott@jinjing.com"	"http://www.crystaldecisions.com"	"610-941-9254"	"610-941-1070"
44	44	"Our Wheels Follow Us Everywhere"	"Robert"	"Walter"	"Mr."	"Sales Manager"	38170.65	"1544 Venus Court"		"DeKalb"	"IL"	"USA"	"60148"	"Walter@pedales.com"	"http://www.crystaldecisions.com"	"815-756-6823"	"815-756-6831"
45	45	"Cycles and Sports"	"Zachary"	"Barbera"	"Mr."	"Owner"	38199.10	"2290 Cambie Street"	"Suite 1025"	"Vancouver"	"BC"	"Canada"	"V6G 4V3"	"Barbera@bsj.com"	"http://www.crystaldecisions.com"	"604-685-0019"	"604-685-8514"
46	46	"Backpedal Cycle Shop"	"Joe"	"Lee"	"Mr."	"Owner"	25162.05	"743 Three Rivers Way"	"Suite 2214"	"Philadelphia"	"PA"	"USA"	"19178"	"Lee@praguesports.com"	"http://www.crystaldecisions.com"	"215-928-1876"	"215-928-1120"
47	47	"Karma Bikes"	"Kim"	"Karl"	"Mr."	"Sales Manager"	9000.00	"1516 Ohio Avenue"	"Suite 2621"	"Blacklick"	"OH"	"USA"	"43092"	"Karl@csc.com"	"http://www.crystaldecisions.com"	"614-759-1164"	"614-759-0518"
48	48	"Mountain Madmen Bicycles"	"Andrew"	"Dong"	"Mr."	"Sales Manager"	28190.52	"9001 Metro Way"	"Suite 2010"	"Hightstown"	"NJ"	"USA"	"08513"	"Dong@rdsd.com"	"http://www.crystaldecisions.com"	"609-426-7758"	"609-426-3302"
49	49	"Rocky Roadsters"	"Cindy"	"Forester"	"Ms."	"Sales Associate"	28681.53	"1430 Hastings Boulevard"		"Conshohocken"	"PA"	"USA"	"19440"	"Forester@sel.com"	"http://www.crystaldecisions.com"	"610-941-1921"	"610-941-0696"
50	50	"Crazy Wheels"	"Davy"	"Douglas"	"Mr."	"Sales Associate"	38280.53	"8766 Glenaire Way"		"Port Coquitlam"	"BC"	"Canada"	"V3C 2Y8"	"Douglas@cairobicycles.com"	"http://www.crystaldecisions.com"	"604-941-5469"	"604-941-1976"
51	51	"Biking's It Industries"	"Katie"	"Cronin"	"Mrs."	"Sales Representative"	30348.92	"4643 Camstock Avenue"		"Burnaby"	"BC"	"Canada"	"V5C 7Z1"	"Cronin@extercycle.com"	"http://www.crystaldecisions.com"	"604-298-4841"	"604-298-0157"
52	52	"Bikes, Bikes, and More Bikes"	"Janice"	"Pierson"	"Miss"	"Sales Agent"	25379.10	"3952 Main Street"		"Des Moines"	"IA"	"USA"	"50344"	"Pierson@lifecycle.com"	"http://www.crystaldecisions.com"	"515-237-8975"	"515-237-4093"
53	53	"Rough Terrain"	"Matt"	"Trent"	"Mr."	"Sales Associate"	37488.75	"1502 Nelson Way"	"Suite 805"	"Madison"	"WI"	"USA"	"53730"	"Trent@westerly.com"	"http://www.crystaldecisions.com"	"608-273-6250"	"608-273-1699"
54	54	"Cyclopath"	"Scott"	"Mueller"	"Mr."	"Sales Agent"	38492.56	"647 Panorama Crescent"	"Suite 107"	"Kingston"	"RI"	"USA"	"02816"	"Mueller@donview.com"	"http://www.crystaldecisions.com"	"401-788-2360"	"401-788-8808"
55	55	"Tandem Cycle"	"Gordon"	"Bell"	"Mr."	"Sales Agent"	29404.39	"7040 Park Place"	"Suite 1407"	"Nampa"	"ID"	"USA"	"83650"	"Bell@tomsbikes.com"	"http://www.crystaldecisions.com"	"208-893-0312"	"208-893-3282"
56	56	"On The Edge Cyclery"	"Douglas"	"McDougall"	"Mr."	"Owner"	9751.45	"2145 Boardwalk"	"Suite 1214"	"Kingston"	"RI"	"USA"	"02896"	"McDougall@mks.com"	"http://www.crystaldecisions.com"	"401-788-7227"	"401-788-5215"
57	57	"Tek Bikes"	"Elizabeth"	"Kawa"	"Miss"	"Sales Agent"	301568.22	"8018 Meacon Crescent"	"Suite 2607"	"Philadelphia"	"PA"	"USA"	"19144"	"Kawa@wheel.com"	"http://www.crystaldecisions.com"	"215-928-6658"	"215-928-4038"
58	58	"Making Tracks"	"Rosie"	"Forbes"	"Mrs."	"Sales Associate"	32249.55	"5511 Ocean Road"		"Concord"	"MA"	"USA"	"01767"	"Forbes@greatoutdoors.com"	"http://www.crystaldecisions.com"	"508-287-1664"	"508-287-2802"
59	59	"The Biker's Path"	"Donna"	"Marshall"	"Miss"	"Sales Agent"	29036.57	"3519 Beacon Avenue"	"Suite 2909"	"DeKalb"	"IL"	"USA"	"60152"	"Marshall@bbs.com"	"http://www.crystaldecisions.com"	"815-756-4084"	"815-756-9795"
60	60	"Bikes for Tykes"	"Dave"	"Elkins"	"Mr."	"Sales Manager"	1800.00	"7949 Elm Boulevard"	"Suite 3012"	"Vancouver"	"BC"	"Canada"	"V6E 2S5"	"Elkins@picadillycycle.com"	"http://www.crystaldecisions.com"	"604-681-9443"	"604-681-5300"
61	61	"Benny - The Spokes Person"	"Caitlin"	"Jones"	"Miss"	"Sales Agent"	6091.96	"1020 Oak Way"	"Suite 1711"	"Huntsville"	"AL"	"USA"	"35861"	"Jones@lifecycle.com"	"http://www.crystaldecisions.com"	"205-430-3670"	"205-430-6031"
62	62	"Bike Shop from Mars"	"John"	"MacCloud"	"Mr."	"Sales Manager"	25873.25	"7071 Dundas Crescent"	"Suite 1730"	"Newbury Park"	"CA"	"USA"	"91338"	"MacCloud@hitdirt.com"	"http://www.crystaldecisions.com"	"805-375-0110"	"805-375-6707"
63	63	"Feel Great Bikes Inc."	"Craig"	"Jacobson"	"Mr."	"Sales Representative"	40944.47	"3015 Delta Place"	"Suite 2601"	"Eden Prairie"	"MN"	"USA"	"55367"	"Jacobson@sunrise.com"	"http://www.crystaldecisions.com"	"612-947-1362"	"612-947-3253"
64	64	"SAB Mountain"	"Claus"	"Main"	"Mr."	"Owner"	401000.00	"Hauptstr. 29"		"Bern"	"Cantons"	"Switzerland"	"CH-3006"	"Main@sourceone.com"	"http://www.crystaldecisions.com"	"41 45-207-65-45"	"41 045-207-65-46"
65	65	"Platou Sport"	"Jonas"	"Bergulfsen"	"Mr."	"Owner"	201000.00	"Erling Skakkes gate 78"		"Stavanger"	"Rogaland"	"Norway"	"N-3290"	"Bergulfsen@helsinkibicycle.com"	"http://www.crystaldecisions.com"	"47-22-323-023"	"47-22-356-442"
66	66	"Piccolo"	"Georg"	"Pipps"	"Mr."	"Sales Manager"	201000.00	"Geislweg 14"		"Salzburg"	"Salzkammergut"	"Austria"	"A-5020"	"Pipps@lillevtt.com"	"http://www.crystaldecisions.com"	"43-662-972262"	"43-62-972345"
67	67	"Paris Mountain Sports"	"Marie"	"Bertrand"	"Mrs."	"Owner"	300000.00	"265, boulevard Charonne"		"Paris"	"Ile de France"	"France"	"75012"	"Bertrand@toulousevelos.com"	"http://www.crystaldecisions.com"	"33-4-92-72-04-89"	"33-4-92-72-04-98"
68	68	"Magazzini"	"Giovanni"	"Rovelli"	"Mr."	"Sales Manager"	201000.00	"Via Ludovico il Moro 22"	"Suite 25"	"Bergamo"	"Lombardia"	"Italy"	"24100"	"Rovelli@sportscenterville.com"	"http://www.crystaldecisions.com"	"39-81-9444-0922"	"39-81-9444-0934"
69	69	"Furia"	"Lino"	"Rodriguez"	"Mr."	"Sales Manager"	201000.00	"Jardim das rosas n. 32"		"Lisbon"	"Lisbon"	"Portugal"	"1900"	"Rodriguez@lourdessport.com"	"http://www.crystaldecisions.com"	"351-1-35-42-534"	"351-1-35-42-566"
70	70	"Folk och fä HB"	"Marie"	"Larsson"	"Mrs."	"Owner"	201000.00	"Åkergatan 24"		"Bräcke"	"Jaemtland"	"Sweden"	"S-844 67"	"Larsson@parismountain.com"	"http://www.crystaldecisions.com"	"069-53-46721"	"069-53-46133"
71	71	"BBS Pty"	"Victoria"	"Ashworth"	"Miss"	"Sales Representative"	500000.00	"45 Fauntleroy Circus"		"London"	"Greater London"	"England"	"EC2 5NT"	"Ashworth@gagnersports.com"	"http://www.crystaldecisions.com"	"44-171-551-1212"	"44-171-551-1321"
72	72	"Cycle City Rome"	"Paolo"	"Accorti"	"Mr."	"Sales Representative"	201000.00	"Via Monte Bianco 34"		"Torino"	"Piedmonte"	"Italy"	"10100"	"Accorti@francesports.com"	"http://www.crystaldecisions.com"	"39-2-4242-4995"	"39-2-4242-4999"
73	73	"Tienda de Bicicletas El Pardo"	"Alejandra"	"Camino"	"Ms."	"Sales Manager"	201000.00	"Gran Vía, 1"		"Madrid"	"Madrid"	"Spain"	"28001"	"Camino@sportsbeaucharmp.com"	"http://www.crystaldecisions.com"	"34-91-7456200"	"34-91-7456210"
74	74	"Fahrkraft Räder"	"Sven"	"Hoffman"	"Mr."	"Sales Representative"	500000.00	"Heinrich-Held-Str. 190"		"Bonn"	"Nordrhein-Westfalen"	"Germany"	"D-53001"	"Hoffman@centresportif.com"	"http://www.crystaldecisions.com"	"49-0777-9042-53"	"49-0777-9042-10"
75	75	"Belgium Bike Co."	"Pierre"	"Renault"	"Mr."	"Sales Representative"	200000.00	"Auguste Demaeghtlaan 9823"		"Brussels"	"Brussels"	"Belgium"	"47899"	"Renault@calaiscyclisme.com"	"http://www.crystaldecisions.com"	"32-3-390-893"	"32-3-390-801"
76	76	"Canal City Cycle"	"Sven"	"Vandervoort"	"Mr."	"Sales Agent"	100000.00	"13300 Damrak Street"	"Suite 2210"	"Amsterdam"	"Noord Holland"	"Netherlands"	"NL-1076"	"Vandervoort@velosbasse.com"	"http://www.crystaldecisions.com"	"31-20-4043-4011"	"31-20-4043-4788"
77	77	"Warsaw Sports, Inc."	"Pavel"	"Ropoleski"	"Mr."	"Owner"	100000.00	"ul. Nowogrodzka 94/96"		"Warsaw"	"Warsaw"	"Poland"	"02-537"	"Ropoleski@bicyclettedunord.com"	"http://www.crystaldecisions.com"	"48-12-2323-2995"	"48-12-2323-2934"
78	78	"Greenlane Bicycles"	"Hank"	"Binford"	"Mr."	"Sales Representative"	90000.00	"41 King Street"		"Dublin"	"Dublin"	"Ireland"		"Binford@boedeauxsports.com"	"http://www.crystaldecisions.com"	"353-03-9443-4343"	"353-03-9443-4334"
79	79	"Helsinki Bicycle"	"Klaus"	"Fostell"	"Mr."	"Owner"	668.90	"Kalevankatu 346"		"Helsinki"	"Uusimaa"	"Finland"	"4344"	"Fostell@sudcycles.com"	"http://www.crystaldecisions.com"	"358-9-2433-0332"	"358-9-2433-0337"
80	80	"France Sports"	"Claude"	"Houle"	"Mr."	"Sales Representative"	7544.40	"95, rue de la Fontaine"		"Cherbourg"	"Basse Normandie"	"France"	"50100"	"Houle@velosbernard.com"	"http://www.crystaldecisions.com"	"33-2-10-39-34-89"	"33-2-10-39-34-33"
81	81	"Centre Sportif Cherbourg"	"Georges"	"Lasalle"	"Mr."	"Sales Manager"	16112.70	"918, rue Belle-vue"		"Le Havre"	"Haute Normandie"	"France"	"76610"	"Lasalle@bmx.com"	"http://www.crystaldecisions.com"	"33-2-32-49-58-05"	"33-2-32-49-58-33"
82	82	"Vélos Basse Normandie"	"Marc"	"Gaucher"	"Mr."	"Owner"	1073.80	"75, rue Haute"		"Caen"	"Basse Normandie"	"France"	"14000"	"Gaucher@sportsfrance.com"	"http://www.crystaldecisions.com"	"33-2-32-93-03-07"	"33-2-32-93-03-10"
83	83	"Calais Cyclisme"	"Michelle"	"Laviolette"	"Mrs."	"Owner"	1799.70	"7, rue du Cimetiere"		"Calais"	"Nord Pas-de-Calais"	"France"	"62100"	"Laviolette@sportsalsace.com"	"http://www.crystaldecisions.com"	"33-2-63-07-93-01"	"33-2-63-07-93-01"
84	84	"Lille VTT"	"Suzanne"	"LeClair"	"Ms."	"Sales Manager"	3371.72	"165, rue de l'Eglise"		"Lille"	"Nord Pas-de-Calais"	"France"	"59000"	"LeClair@centresportif.com"	"http://www.crystaldecisions.com"	"33-2-59-50-30-21"	"33-2-59-50-30-22"
85	85	"Bicyclette du Nord"	"Elise"	"Marchand"	"Ms."	"Owner"	8819.55	"16, rue des Chevaliers"		"Arras"	"Nord Pas-de-Calais"	"France"	"62000"	"Marchand@velosemile.com"	"http://www.crystaldecisions.com"	"33-2-11-98-87-34"	"33-2-11-98-87-39"
86	86	"Sports 4-Saisons"	"Manon"	"Pedneault"	"Ms."	"Owner"	1191.40	"402, rue Prince Geroges"	"Bâtiment B"	"Dunkerque"	"Nord Pas-de-Calais"	"France"	"59140"	"Pedneault@laplace.com"	"http://www.crystaldecisions.com"	"33-2-33-09-02-76"	"33-2-33-09-02-72"
87	87	"La Place"	"Jules"	"Davignion"	"Mr."	"Sales Representative"	1611.70	"42, rue de l'Eurpoe"		"Rouen"	"Haute Normandie"	"France"	"76100"	"Davignion@velosferrier.com"	"http://www.crystaldecisions.com"	"33-2-23-40-20-04"	"33-2-23-40-23-90"
88	88	"Vélos Emile"	"Emile"	"Laroche"	"Mr."	"Sales Manager"	4366.50	"56, rue des Foyers"		"Amiens"	"Picardie"	"France"	"80080"	"Laroche@auvergnebicross.com"	"http://www.crystaldecisions.com"	"33-2-25-30-39-30"	"33-2-25-30-32-00"
89	89	"Centre Sportif Delormier"	"Réal"	"Delormier"	"Mr."	"Owner"	6713.50	"40, avenue Bernard"		"Metz"	"Lorraine"	"France"	"57050"	"Delormier@sportsfontainebleau.com"	"http://www.crystaldecisions.com"	"33-3-77-93-38-99"	"33-3-77-93-38-10"
90	90	"Sports Alsace"	"Thomas"	"Monpetit"	"Mr."	"Sales Manager"	52787.50	"11, rue Clemenceau"	"2ème étage"	"Strasbourg"	"Alsace"	"France"	"67100"	"Monpetit@orleansvtt.com"	"http://www.crystaldecisions.com"	"33-3-29-92-29-29"	"33-3-29-92-29-31"
91	91	"Vélos Ferrier"	"Veronique"	"Ferrier"	"Mrs."	"Owner"	2229.50	"187, rue de l'Ecole"		"Chartres"	"Centre"	"France"	"28000"	"Ferrier@dijonsudvelos.com"	"http://www.crystaldecisions.com"	"33-4-94-56-53-90"	"33-4-94-62-33-90"
92	92	"Sports Fontainebleau"	"Anne"	"DuPont"	"Ms."	"Owner"	3131.36	"8, rue des Romains"		"Fontainebleau"	"Île-de-France"	"France"	"77300"	"DuPont@mulhousevelos.com"	"http://www.crystaldecisions.com"	"33-1-73-03-47-93"	"33-1-73-03-47-93"
93	93	"BMX Orléans"	"Celeste"	"Oulette"	"Miss"	"Sales Representative"	5438.70	"37, rue du Bois"		"Orléans"	"Centre"	"France"	"45100"	"Oulette@bicyclettebourgesnord.com"	"http://www.crystaldecisions.com"	"33-2-64-87-66-88"	"33-2-64-87-66-90"
94	94	"Orléans VTT"	"Christophe"	"Jolicoeur"	"Mr."	"Sales Manager"	6655.90	"53, rue St-Paul"		"Troyes"	"Champagne-Ardenne"	"France"	"10000"	"Jolicoeur@vtt.com"	"http://www.crystaldecisions.com"	"33-1-34-44-76-01"	"33-1-34-44-76-05"
95	95	"Dijon Sud Vélos"	"Suzette"	"Ganger"	"Ms."	"Sales Manager"	1149.15	"82, chemin des Champs"		"Dijon"	"Bourgogne"	"France"	"21000"	"Ganger@arsenault.com"	"http://www.crystaldecisions.com"	"33-3-55-04-05-09"	"33-3-55-04-05-33"
96	96	"Mulhouse Vélos"	"Vincent"	"de la Montagne"	"Mr."	"Owner"	5359.70	"4 avenue de la Liberation"		"Mulhouse"	"Alsace"	"France"	"68100"	"de la Montagne@centrepoirot.com"	"http://www.crystaldecisions.com"	"33-4-32-00-98-87"	"33-4-32-00-98-88"
97	97	"Bicyclette Bourges Nord"	"Rejean"	"Lallier"	"Mr."	"Owner"	2099.25	"79, avenue de la Gare"		"Bourges"	"Centre"	"France"	"18000"	"Lallier@sports4saisons.com"	"http://www.crystaldecisions.com"	"33-4-10-92-09-09"	"33-4-10-92-09-33"
98	98	"VTT La Rochelle"	"Jean"	"Larouche"	"Mr."	"Sales Manager"	1079.70	"41, rue de Lormier"		"La Rochelle"	"Poitou Charentes"	"France"	"17000"	"Larouche@berlinbiking.com"	"http://www.crystaldecisions.com"	"33-3-54-92-84-98"	"33-3-54-92-84-34"
99	99	"Bordeaux Sports"	"Gerard"	"LePage"	"Mr."	"Sales Representative"	533.75	"120, avenue des Pins"		"Bordeaux"	"Aquitaine"	"France"	"33100"	"LePage@bergtrails.com"	"http://www.crystaldecisions.com"	"33-5-34-42-94-09"	"33-5-34-42-94-22"
100	100	"Arsenault et Maurier"	"Gaston"	"Arsenault"	"Mr."	"Sales Representative"	12535.70	"40, rue St-Charles"		"Clermont-Ferrand"	"Auvergne"	"France"	"63000"	"Arsenault@fahrkraftrader.com"	"http://www.crystaldecisions.com"	"33-4-22-90-45-90"	"33-4-22-90-45-33"
101	101	"Auvergne Bicross"	"Yolande"	"Lafleur"	"Ms."	"Sales Manager"	5179.98	"43, rue des Arbres"		"Vichy"	"Auvergne"	"France"	"03200"	"Lafleur@hamburgrader.com"	"http://www.crystaldecisions.com"	"33-1-22-03-50-90"	"33-1-22-03-53-85"
102	102	"Centre Poirot"	"Julie-Anne"	"Poirot"	"Mrs."	"Owner"	3653.65	"10, rue Principale"	"9ème étage"	"Lyon"	"Rhône-Alpes"	"France"	"69009"	"Poirot@dortmondrad.com"	"http://www.crystaldecisions.com"	"33-4-11-19-10-49"	"33-4-11-19-10-57"
103	103	"Sports France"	"Gétan"	"Faucher"	"Mr."	"Owner"	6588.70	"40, rue de la Chapelle"		"Grenoble"	"Rhône-Alpes"	"France"	"38000"	"Faucher@offroadbike.com"	"http://www.crystaldecisions.com"	"33-4-22-40-09-02"	"33-4-22-40-09-33"
104	104	"Sud Cycles"	"Annette"	"Denault"	"Ms."	"Owner"	68000.50	"34, rue. du Moulin"		"St. Etienne"	"Rhône-Alpes"	"France"	"42007"	"Denault@leipzigfreiheit.com"	"http://www.crystaldecisions.com"	"33-1-53-03-05-08"	"33-1-53-03-05-24"
105	105	"Toulouse Vélos"	"Jean-Paul"	"Voltaire"	"Mr."	"Sales Manager"	46479.85	"63, rue de Soleuvre"		"Toulouse"	"Midi-Pyrénées"	"France"	"31100"	"Voltaire@superbike.com"	"http://www.crystaldecisions.com"	"33-5-21-07-45-97"	"33-5-21-07-45-98"
106	106	"Sports Centre-ville"	"Louise"	"Lacasse"	"Ms."	"Sales Representative"	65005.00	"11, boulevard Henri"		"Montpellier"	"Languedoc-Roussillon"	"France"	"34000"	"Lacasse@athensbicycle.com"	"http://www.crystaldecisions.com"	"33-4-23-44-09-98"	"33-4-23-44-09-31"
107	107	"Lourdes Sports"	"Henri"	"De Montigny"	"Mr."	"Sales Manager"	53370.14	"54, avenue Pierre"		"Lourdes"	"Aquitaine"	"France"	"65100"	"De Montigny@eastbudapestsports.com"	"http://www.crystaldecisions.com"	"33-5-92-28-02-33"	"33-5-92-28-02-38"
108	108	"Gagner Sports"	"Claude"	"Antoine"	"Mr."	"Sales Representative"	5155.40	"71, rue du Chateau"		"Marseille"	"Provence-Alpes-Côte d’Azur"	"France"	"13010"	"Antoine@indiacycle.com"	"http://www.crystaldecisions.com"	"33-4-92-03-77-03"	"33-4-92-03-77-44"
109	109	"Vélos Bernard"	"Marie"	"Cloutier"	"Ms."	"Owner"	8933.90	"145, rue Francois"		"Toulon"	"Provence-Alpes-Côte d’Azur"	"France"	"83000"	"Cloutier@jakartasunrise.com"	"http://www.crystaldecisions.com"	"33-4-55-56-58-00"	"33-4-55-56-59-90"
110	110	"Sports Beauchamp"	"Daniel"	"Beauchamp"	"Mr."	"Sales Manager"	9557.02	"81, rue des Roses"		"Cannes"	"Provence-Alpes-Côte d’Azur"	"France"	"06400"	"Beauchamp@hillcrestcycle.com"	"http://www.crystaldecisions.com"	"33-4-22-58-68-40"	"33-4-22-58-68-41"
111	111	"Bikefest"	"Stan"	"Delaware"	"Mr."	"Sales Agent"	5879.70	"4301 President Way"	"4th Floor"	"Little Rock"	"AR"	"USA"	"72206"	"Delaware@greenlane.com"	"http://www.crystaldecisions.com"	"520-990-8264"	"520-990-8260"
112	112	"Biking and Hiking"	"Ukariah"	"Jonstone"	"Mr."	"Owner"	65.70	"76 Palm Drive"		"Phoenix"	"AZ"	"USA"	"85018"	"Jonstone@dublincycle.com"	"http://www.crystaldecisions.com"	"520-710-1010"	"520-605-8914"
113	113	"Bicycle Races"	"Seth"	"Smithers"	"Mr."	"Owner"	659.70	"3100 West Cactus Drive"	"14th Floor"	"Tempe"	"AZ"	"USA"	"85234"	"Smithers@teavivoutdoors.com"	"http://www.crystaldecisions.com"	"602-494-2992"	"602-494-3992"
114	114	"Fred's Bikes"	"Fred"	"Danforth"	"Mr."	"Owner"	7874.25	"4104 Summit Boulevard"		"Denver"	"CO"	"USA"	"80237"	"Danforth@magazzini.com"	"http://www.crystaldecisions.com"	"303-556-2030"	"303-556-3030"
115	115	"Phil's Bikes"	"Phil"	"Franklyn"	"Mr."	"Owner"	27.00	"31 Government Street"		"Concord"	"CT"	"USA"	"05667"	"Franklyn@bresciamountainers.com"	"http://www.crystaldecisions.com"	"860-479-0191"	"860-450-1030"
116	116	"Colin's Bikes"	"Colin"	"White"	"Mr."	"Sales Agent"	40.50	"30988 Federal Way"		"Washington"	"DC"	"USA"	"20011"	"White@milanobike.com"	"http://www.crystaldecisions.com"	"202-975-1567"	"202-979-1200"
117	117	"Barry's Bikes"	"Barry"	"Wilcox"	"Mr."	"Owner"	33.90	"2099 East 57th Avenue"		"Dover"	"DE"	"USA"	"19850"	"Wilcox@cyclerome.com"	"http://www.crystaldecisions.com"	"302-310-1010"	"302-310-1016"
118	118	"Tony's Better Bikes"	"Anthony"	"Weatherhead"	"Mr."	"Owner"	2735.25	"320 Oliver Avenue East"		"Atlanta"	"GA"	"USA"	"30337"	"Weatherhead@islandbike.com"	"http://www.crystaldecisions.com"	"678-381-9020"	"678-382-0404"
119	119	"Ride Down A Mountain"	"Janet"	"Xavier"	"Ms."	"Sales Agent"	1570.08	"5400 Cliff Avenue"		"Kansas City"	"KS"	"USA"	"64152"	"Xavier@yokohamabiking.com"	"http://www.crystaldecisions.com"	"913-943-3044"	"913-944-8922"
120	120	"Bikes R Us"	"Wil"	"Do"	"Mr."	"Sales Agent"	8159.40	"201 Lloyd Drive"		"Lexington"	"KY"	"USA"	"40503"	"Do@.com@nogoya.com"	"http://www.crystaldecisions.com"	"606-771-9020"	"606-772-9020"
121	121	"Caledonia Cycle"	"Martin"	"Caledonia"	"Mr."	"Owner"	27.00	"4302 233rd Street West"		"New Orleans"	"LA"	"USA"	"70121"	"Caledonia@totoryken.com"	"http://www.crystaldecisions.com"	"318-669-2323"	"318-668-2323"
122	122	"First Gear"	"Xena"	"Renfrew"	"Miss"	"Owner"	2826.90	"329 Fernando Court"		"Baltimore"	"MD"	"USA"	"21228"	"Renfrew@nishmotosports.com"	"http://www.crystaldecisions.com"	"301-233-9010"	"301-233-7402"
123	123	"One Track Mind"	"Gordy"	"Camel"	"Mr."	"Sales Agent"	46.50	"776 Castle Road"	"Suite 100"	"Bangor"	"ME"	"USA"	"04401"	"Camel@bendaimountain.com"	"http://www.crystaldecisions.com"	"207-881-7293"	"207-881-2990"
124	124	"Biking Heaven"	"Jules"	"Renquist"	"Ms."	"Sales Agent"	11553.00	"870 Oriole Drive East"		"St. Louis"	"MO"	"USA"	"63119"	"Renquist@nairobisports.com"	"http://www.crystaldecisions.com"	"314-201-2044"	"314-201-2045"
125	125	"Family Biking Center"	"Vlad"	"Spiers"	"Mr."	"Sales Associate"	355.26	"5446 California Avenue West"		"Jackson"	"MS"	"USA"	"39213"	"Spiers@eurocycle.com"	"http://www.crystaldecisions.com"	"601-344-0292"	"601-345-0292"
126	126	"World Of Tires"	"Danielle"	"Rubens"	"Miss"	"Owner"	413.85	"170 Mountainview Street"	"Suite 25"	"Helena"	"MT"	"USA"	"59601"	"Rubens@klcc.com"	"http://www.crystaldecisions.com"	"406-887-2040"	"406-887-2050"
127	127	"Oympic Bikes"	"Aaron"	"Zalapski"	"Mr."	"Sales Manager"	1036.20	"4311 Elm Drive"		"Raleigh"	"NC"	"USA"	"27701"	"Zalapski@bialex.com"	"http://www.crystaldecisions.com"	"919-301-5019"	"919-301-5020"
128	128	"Bikes, Trikes and Rollerblades"	"Glenda"	"Donnatelli"	"Ms."	"Owner"	46.50	"12 Gordon Drive"	"Suite 330"	"Fargo"	"ND"	"USA"	"58103"	"Donnatelli@geu.com"	"http://www.crystaldecisions.com"	"701-798-9122"	"701-799-9125"
129	129	"Tears For Gears"	"Samuel"	"Quaid"	"Mr."	"Owner"	46.50	"1508 Renton Street"		"Lincoln"	"NE"	"USA"	"68521"	"Quaid@dmcity.com"	"http://www.crystaldecisions.com"	"402-697-7203"	"402-698-7203"
130	130	"Bombay Bicycle Club"	"Scott"	"Boswell"	"Mr."	"Sales Associate"	14039.10	"421 West Orca Street"		"Portsmouth"	"NH"	"USA"	"03103"	"Boswell@tla.com"	"http://www.crystaldecisions.com"	"603-957-4932"	"603-957-4940"
131	131	"Biking Bums"	"Bobby"	"Bigglesworth"	"Mr."	"Sales Representative"	2781.60	"32011 Los Osos Boulevard"	"Suite 790"	"Taos"	"NM"	"USA"	"87505"	"Bigglesworth@bdmc.com"	"http://www.crystaldecisions.com"	"505-554-5454"	"505-554-5809"
132	132	"7 Bikes For 7 Brothers"	"Brent"	"Cogswell"	"Mr."	"Sales Manager"	8819.55	"52779 Xavier Boulevard"		"Las Vegas"	"NV"	"USA"	"89102"	"Cogswell@tlmonterrey.com"	"http://www.crystaldecisions.com"	"702-970-6155"	"702-970-5517"
133	133	"Against The Wind Bikes"	"Zak"	"Davis"	"Mr."	"Sales Manager"	2409.46	"5302 Freedom Way"		"Rome"	"NY"	"USA"	"14817"	"Davis@ucycle.com"	"http://www.crystaldecisions.com"	"607-901-2175"	"607-901-2177"
134	134	"Hangin' Two"	"Jack"	"Trueman"	"Mr."	"Owner"	72.90	"89 Westerly Street"		"Tulsa"	"OK"	"USA"	"74103"	"Trueman@ksports.com"	"http://www.crystaldecisions.com"	"580-560-0293"	"580-560-2932"
135	135	"Going in Circles"	"Kent"	"Estes"	"Mr."	"Sales Manager"	7646.10	"42011 Sullivan Road"		"Columbia"	"SC"	"USA"	"29201"	"Estes@cccycle.com"	"http://www.crystaldecisions.com"	"843-721-9013"	"843-727-9203"
136	136	"Off Road Bikes"	"Swoozie"	"Fantermyer"	"Ms."	"Owner"	140.90	"225 West Luxman Road"	"Suite 120"	"Pierre"	"SD"	"USA"	"52115"	"Fantermyer@mountainview.com"	"http://www.crystaldecisions.com"	"605-201-6322"	"605-201-9901"
137	137	"Cyclists for Life"	"Brenda"	"Trent"	"Ms."	"Owner"	10605.18	"666 Frederick Court"		"Memphis"	"TN"	"USA"	"38103"	"Trent@sportsfever.com"	"http://www.crystaldecisions.com"	"910-244-5670"	"910-246-2042"
138	138	"Discount Bikes"	"Andrea"	"Dixon"	"Ms."	"Sales Manager"	1103.20	"3100 Tower Street"		"Salt Lake City"	"UT"	"USA"	"84144"	"Dixon@beachtrails.com"	"http://www.crystaldecisions.com"	"801-446-9300"	"801-446-9301"
139	139	"Canadian Bikes, Eh"	"Bob"	"Tuque"	"Mr."	"Owner"	67.80	"56 Emarcadero Avenue"	"Suite 10"	"Richmond"	"VA"	"USA"	"23220"	"Tuque@billsbikes.com"	"http://www.crystaldecisions.com"	"804-810-0002"	"804-810-0002"
140	140	"Bob's Bikes"	"Bob"	"Zarcalister"	"Mr."	"Owner"	67.80	"5011 Capital Avenue"		"Montpelier"	"VT"	"USA"	"05401"	"Zarcalister@forestedhills.com"	"http://www.crystaldecisions.com"	"802-338-6768"	"802-338-6769"
141	141	"Mike's Bikes"	"Michael"	"Cartman"	"Mr."	"Sales Representative"	101.70	"3100 Aurora Avenue North"	"Suite 1000"	"Seattle"	"WA"	"USA"	"98110"	"Cartman@.com"	"http://www.crystaldecisions.com"	"206-694-9012"	"206-693-2323"
142	142	"Two Wheelin'"	"Jann"	"Dolap"	"Ms."	"Owner"	556.35	"5007 White Street"		"Charleston"	"WV"	"USA"	"25309"	"Dolap@deportedperez.com"	"http://www.crystaldecisions.com"	"304-929-2882"	"304-929-2888"
143	143	"Down Under Bikes"	"Dave"	"Flynn"	"Mr."	"Sales Representative"	1621.20	"8004 Alton Drive"	"Suite 230"	"Sydney"	"New South Wales"	"Australia"	"2061"	"Flynn@towc.com"	"http://www.crystaldecisions.com"	"61-04-23556663"	"61-04-23556422"
144	144	"Canberra Bikes"	"Craig"	"Stobbs"	"Mr."	"Owner"	10662.75	"7567 Caravan Street"		"Canberra"	"New South Wales"	"Australia"	"5353"	"Stobbs@platousport.com"	"http://www.crystaldecisions.com"	"61-03-99231124"	"61-03-99231129"
145	145	"Kangeroo Trikes"	"Sandra"	"Anderson"	"Mrs."	"Sales Representative"	9594.70	"78 East Phillips Street"	"Suite 300"	"Melbourne"	"Victoria"	"Australia"	"2155"	"Anderson@lbike.com"	"http://www.crystaldecisions.com"	"61-05-36629921"	"61-05-36623420"
146	146	"Bruce's Bikes"	"Bruce"	"Hyde"	"Mr."	"Owner"	1138.09	"7910 35th Avenue"		"Churchill"	"Victoria"	"Australia"	"4774"	"Hyde@.erpanamacom"	"http://www.crystaldecisions.com"	"61-02-99311424"	"61-02-99313434"
147	147	"Peddles of Perth"	"Vanessa"	"Jacobsen"	"Ms."	"Sales Manager"	8945.25	"3200 Wilcrest Road"	"Suite 300"	"Perth"	"Western Australia"	"Australia"	"3326"	"Jacobsen@lndeportes.com"	"http://www.crystaldecisions.com"	"61-04-30339148"	"61-04-30333433"
148	148	"Koala Road Bikes"	"Nathan"	"Wu"	"Mr."	"Sales Manager"	6744.80	"3001 Grantsview Street"	"Suite 12"	"Brisbane"	"Queensland"	"Australia"	"4600"	"Wu@manilabicycles.com"	"http://www.crystaldecisions.com"	"61-01-52311344"	"61-01-52314633"
149	149	"Tasmanian Devil Bikes"	"Todd"	"Llyod"	"Mr."	"Sales Representative"	1739.85	"12 Eastdune Lane"		"Hobart"	"Tasmania"	"Australia"	"0912"	"Llyod@warsawsports.com"	"http://www.crystaldecisions.com"	"61-01-32335455"	"61-01-32335433"
150	150	"Bicicletas San Santiago"	"Ricardo"	"Fernandes"	"Mr."	"Sales Associate"	10661.70	"32111 Perez Road"		"Santiago"	"Providencia"	"Chile"	"34211"	"Fernandes@souzelbike.com"	"http://www.crystaldecisions.com"	"56-2-2942-9021"	"56-2-2942-9009"
151	151	"Paradise Sports"	"Johnny"	"Horton"	"Mr."	"Owner"	1529.70	"444 Victoria Avenue"		"Road Town"	"Tortola"	"British Virgin Islands"	"F3R 6T9"	"Horton@evorafamily.com"	"http://www.crystaldecisions.com"	"284-987-4738"	"284-987-4740"
152	152	"Brasilia Bikes Inc."	"Felipe"	"Silva"	"Mr."	"Owner"	14301.70	"Rua Fernando, 991"	"Suite 223"	"Brasilia"	"Distrito Federal"	"Brazil"	"23293-300"	"Silva@lisboncycle.com"	"http://www.crystaldecisions.com"	"55-85-3211-7382"	"55-85-3211-7342"
153	153	"Bicicletas de Montaña La Paz"	"Juan"	"Gomez"	"Mr."	"Owner"	6269.25	"Torrevieja 1030"		"La Paz"	"La Paz"	"Bolivia"	"4542"	"Gomez@furia.com"	"http://www.crystaldecisions.com"	"55-092-89211"	"55-092-89201"
154	154	"Royal Cycle"	"Henryk"	"Featherstone"	"Mr."	"Owner"	3493.65	"5402 Green Bay Road"	"Suite 500"	"Hamilton"	"Pembroke Parish"	"Bermuda"	"46557"	"Featherstone@budapestsports.com"	"http://www.crystaldecisions.com"	"809-295-9023"	"809-295-6944"
155	155	"Dhaka Bike Store"	"Junaid"	"Panikkar"	"Mr."	"Owner"	4683.50	"670/C Tejgaon I/A4350"		"Dhaka"	"Dhaka"	"Bangladesh"	"346457"	"Panikkar@moscowbike.com"	"http://www.crystaldecisions.com"	"880-91-478-343"	"880-91-478-928"
156	156	"Beach Cycle and Sport"	"Warren"	"Donovan"	"Mr."	"Owner"	14463.35	"779 Beach Drive"		"Nassau"	"New Providence"	"Bahamas"	"5466"	"Donovan@foreveryoung.com"	"http://www.crystaldecisions.com"	"242-0-343-3043"	"242-0-343-3034"
157	157	"Aruba Sport"	"Jerry"	"Cashwell"	"Mr."	"Owner"	3239.85	"Av. Cobre 1212"		"Oranjestad"	"St. George"	"Aruba"	"655456"	"Cashwell.@saveoncycles.com"	"http://www.crystaldecisions.com"	"58-09-8382-9292"	"58-09-8382-9299"
158	158	"Bicicletas Buenos Aires"	"Carlos"	"Martinez"	"Mr."	"Owner"	55664.35	"Sitio del Niño 8992"		"Buenos Aires"	"Mendoza"	"Argentina"	"6755 56"	"Martinez@platinumsports.com"	"http://www.crystaldecisions.com"	"54-1-939-202022"	"54-1-939-202029"
159	159	"Barbados Sports, Ltd."	"Luke"	"Jones"	"Mr."	"Sales Manager"	4443.80	"450 Wilmont Street"		"Bridgetown"	"Bridgetown"	"Barbados"	"4532"	"Jones@fastmover.com"	"http://www.crystaldecisions.com"	"246-877-2628"	"246-876-0284"
160	160	"Pedales de Bogota"	"Fernando"	"Valdez"	"Mr."	"Sales Manager"	32748.25	"Vía Morelos 10001"		"Bogota"	"Cundinamarca"	"Colombia"	"43533"	"Valdez@unitedbikes.com"	"http://www.crystaldecisions.com"	"57-32-2029-2949"	"57-32-2029-2923"
161	161	"Galaxy Outdoors"	"Jimmy"	"Ng"	"Mr."	"Owner"	10425.55	"127-190 Nathan Road"	"Mon Kwok"	"Hong Kong SAR"	"Hong Kong SAR"	"China"	"664463"	"Ng@jrbiking.com"	"http://www.crystaldecisions.com"	"852-6274-9201"	"852-6274-9297"
162	162	"East Budapest Sports"	"Marianna"	"Chose"	"Mr."	"Sales Representative"	59255.70	"3424 Budapest, Bartók Béla út 231"		"Budapest"	"Budapest"	"Hungary"	"1062"	"Chose@sanstone.com"	"http://www.crystaldecisions.com"	"32-20-9402-4994"	"32-20-9402-4995"
163	163	"India Cycle and Co."	"Paja"	"Al Majid"	"Mr."	"Owner"	49774.50	"H.O.- 2370 Janpath"		"New Delhi"	"New Delhi"	"India"	"3257"	"Al Majid@heuristic.com"	"http://www.crystaldecisions.com"	"91-22-4002-0322"	"91-22-4002-0333"
164	164	"Jakarta Sunrise Sports"	"Wu"	"Padang"	"Mr."	"Owner"	6333.40	"Jl Aipda KS Tubun 56 F"		"Jakarta"	"Jawa Bara West Java"	"Indonesia"	"4532"	"Padang@ministrysports.com"	"http://www.crystaldecisions.com"	"62-21-093-0223"	"62-21-093-0229"
165	165	"Hillcrest Cycle"	"Lenny"	"Kenwood"	"Mr."	"Owner"	87906.45	"22 Green Avenue"		"Dublin"	"Dublin"	"Ireland"		"Kenwood@equatorcycle.com"	"http://www.crystaldecisions.com"	"353-01-3932-0422"	"353-01-3932-0443"
166	166	"Island Bikes"	"Jerry"	"Andover"	"Mr."	"Owner"	38244.25	"3411 Bexhill Road"		"Kingston"	"Kingston"	"Jamaica"	"23001"	"Andover@tomsplace.com"	"http://www.crystaldecisions.com"	"876-733-0062"	"876-733-9221"
167	167	"Nishimoto Sports"	"Hiro"	"Nishimoto"	"Mr."	"Owner"	40964.74	"Bridgeway Bldg, 2F"	"Hirakawa-cho"	"Tokyo"	"Tokyo To"	"Japan"	"129-2323"	"Nishimoto@hikersbikers.com"	"http://www.crystaldecisions.com"	"81-3-5212-2321"	"81-3-5212-0327"
168	168	"Nairobi Sports Center"	"Ren"	"Janmohammed"	"Ms."	"Owner"	6923.70	"3451 Parliament Road"		"Nairobi"	"Nairobi"	"Kenya"	"646411"	"Janmohammed@coastalline.com"	"http://www.crystaldecisions.com"	"254-2-202-4921"	"254-2-202-4934"
169	169	"Cairo Bicycles, Inc."	"Elan"	"Abbibi"	"Mr."	"Owner"	10361.70	"PO Box: 33417"		"Cairo"	"Cairo"	"Egypt"	"786333"	"Abbibi@tienda.com"	"http://www.crystaldecisions.com"	"20-023-023114"	"20-023-023143"
170	170	"Ruedas de Santo Domingo"	"Antonio"	"Santos"	"Mr."	"Owner"	63365.40	"Seminario 5531 Carretas"		"Santo Domingo"	"Santo Domingo"	"Dominican Republic"	"685533"	"Santos@folkochfa.com"	"http://www.crystaldecisions.com"	"809-203-203"	"809-233-232"
171	171	"Bicicletas San Jose"	"Julio"	"Morenzo"	"Mr."	"Owner"	56343.90	"Agustín de Iturbide 772"		"San José"	"San José"	"Costa Rica"	"45678"	"Morenzo@sab.com"	"http://www.crystaldecisions.com"	"506-239-0932"	"506-239-0939"
172	172	"Prague Sports"	"Eric"	"Kenelek"	"Mr."	"Sales Manager"	10551.70	"PO Box 2321"		"Prague"	"Prague"	"Czech Republic"	"9864"	"Kenelek@taipeisports.com"	"http://www.crystaldecisions.com"	"420-002-2042"	"420-002-2044"
173	173	"Copenhagen Sports and Cycle"	"Sven"	"Van Bauer"	"Mr."	"Sales Representative"	97459.70	"Gammel Mont 4341"		"Copenhagen"	"Jutland"	"Denmark"	"1050"	"Van Bauer@bangkiksports.com"	"http://www.crystaldecisions.com"	"45-3530-3055"	"45-3530-3034"
174	174	"Superbicicletas Ecuador Ltd."	"Ricardo"	"Martinez"	"Mr."	"Owner"	2553.80	"Ejército Nacional No. 1450"		"Quito"	"Pichincha"	"Ecuador"	"755457"	"Martinez@ankarabicycle.com"	"http://www.crystaldecisions.com"	"593-3-303-200"	"593-3-303-211"
175	175	"Athens Bicycle Co."	"Andres"	"Arnadis"	"Mr."	"Sales Representative"	11100.90	"PO Box 211966"		"Athens"	"Evia Evvoia"	"Greece"	"1124"	"Arnadis@kiev-north.com"	"http://www.crystaldecisions.com"	"30-1-7754-4040"	"30-1-7754-4041"
176	176	"Tel Aviv Outdoors"	"David"	"Azur"	"Mr."	"Owner"	43063.56	"3435 Tel Giborim"		"Tel Aviv"	"Tel Aviv"	"Israel"	"6799"	"Azur@uaecycle.com"	"http://www.crystaldecisions.com"	"972-3-403-30411"	"972-3-403-30234"
177	177	"En ruedas Panama"	"Fernando"	"Perez"	"Mr."	"Sales Agent"	2934.94	"Cl 20 San Francisco 91"		"Panama"	"Panama"	"Panama"	"346668"	"Perez@karmabikes.com"	"http://www.crystaldecisions.com"	"507-023-0031"	"507-023-0023"
178	178	"Islamabad Bike Stores"	"Sanji"	"Jamal"	"Ms."	"Sales Manager"	5486.70	"423, Shah Jamal Road"		"Islamabad"	"Islamabad"	"Pakistan"	"4346"	"Jamal@backpedalcycle.com"	"http://www.crystaldecisions.com"	"92-21-2000-0294"	"92-21-2000-0234"
179	179	"Manila Bicycle Store"	"Maria"	"Hernandez"	"Ms."	"Owner"	11300.70	"43121 Quezon Avenue"		"Manila"	"Manila Metropolitan Area"	"Philippines"	"34008"	"Hernandez@tyredout.com"	"http://www.crystaldecisions.com"	"63-455-303-0221"	"63-455-303-0223"
180	180	"Deportes Perez"	"Paolo"	"Perez"	"Mr."	"Owner"	7645.85	"Avda. Amador Guerrero, 3220"		"Managua"	"Managua"	"Nicaragua"	"4524576"	"Perez@hasbeenbikes.com"	"http://www.crystaldecisions.com"	"505-311-403-0082"	"505-311-403-0098"
181	181	"Sports Fever"	"Duke"	"Manson"	"Mr."	"Sales Manager"	43321.50	"1102 Greystone Drive"		"Wellington"	"Wellington"	"New Zealand"		"Manson@cycliststrail.com"	"http://www.crystaldecisions.com"	"64-7-3903-4003"	"64-7-3903-4004"
182	182	"Kathmandu Sports"	"Ngan"	"Xu"	"Mr."	"Owner"	7613.40	"4325 Tielu Street"		"Kathmandu"	"Kathmandu"	"Nepal"	"7493"	"Xu@dealsonwheels.com"	"http://www.crystaldecisions.com"	"977-099-20332"	"977-099-23444"
183	183	"Lima Norte Deportes"	"Ricardo"	"Montabella"	"Mr."	"Owner"	26934.50	"Av El Dorado, 4211"		"Lima"	"Lima"	"Peru"	"5665"	"Montabella@ourwheels.com"	"http://www.crystaldecisions.com"	"51-1-2042-2043"	"51-1-2042-2049"
184	184	"Eurocycle"	"Pierre"	"Van Kroger"	"Mr."	"Sales Agent"	6835.20	"39, rue du Baerendal"		"Luxembourg"	"Luxembourg"	"Luxembourg"	"L-3360"	"Van Kroger@radbikes.com"	"http://www.crystaldecisions.com"	"352-45-204-203"	"352-45-204-210"
185	185	"Kuala Lumpur Central Cycle"	"Rennie"	"Chung"	"Mr."	"Owner"	3985.13	"No. 4902 Lengkok Paya Terubong,"	"11060 Air Itam"	"Kuala Lumpur"	"Kuala Lumpur"	"Malaysia"	"478886"	"Chung@insanecycle.com"	"http://www.crystaldecisions.com"	"60-3-0303-0990"	"60-3-0303-0922"
186	186	"Ulaanbaatar Cycle"	"Po-Yan"	"Ying"	"Mr."	"Owner"	5223.50	"8-9/F Fu Da Bidg. 2342"		"Ulaanbaatar"	"Ulaanbaatar"	"Mongolia"		"mgr@wheels.com"	"http://www.crystaldecisions.com"	"976-1-392-2492"	"976-1-392-2423"
187	187	"Deportes Mexico City"	"Julio"	"Estes"	"Mr."	"Sales Manager"	1445.10	"Vía Morelos 3343"		"Ciudad de Mexico"	"Distrito Federal"	"Mexico"	"24421"	"Estes@spokesnwheels.com"	"http://www.crystaldecisions.com"	"52-3-230-9993"	"52-3-230-9343"
188	188	"Forever Young Sports"	"Cam"	"Jackson"	"Mr."	"Owner"	23180.10	"5011 Sunset Avenue West"	"Suite 132"	"Castries"	"Castries"	"Saint Lucia"	"3342"	"Jackson@posercycles.com"	"http://www.crystaldecisions.com"	"758-422-092"	"758-422-099"
189	189	"Equator Cycle"	"Chuck"	"Van Morrison"	"Mr."	"Owner"	56500.55	"53990 Sable Court"		"Pretoria"	"Gauteng (PWV)"	"South Africa"	"2341"	"Van Morrison@bikecellar.com"	"http://www.crystaldecisions.com"	"27-11-234-0400"	"27-11-234-0440"
190	190	"Ankara Bicycle Company"	"Fatih"	"Cekirge"	"Mr."	"Sales Manager"	43000.50	"PO Box 2121"		"Ankara"	"Ankara"	"Turkey"	"443665"	"Cekirge@alleycat.com"	"http://www.crystaldecisions.com"	"90-212-2399-3403"	"90-212-2399-0093"
191	191	"Moscow Bike Company"	"Alex"	"Federov"	"Mr."	"Sales Agent"	43786.50	"Perovskaya ul., 3452"		"Moscow"	"Moscow"	"Russia"	"7655433"	"Federov@cgate.com"	"http://www.crystaldecisions.com"	"7-095-2349-2042"	"7-095-2349-2991"
192	192	"Sanstone Cycle"	"Young"	"Lee"	"Mr."	"Sales Manager"	3300.00	"24 Evergreen Square"	"Suite B"	"Singapore"	"Singapore"	"Singapore"	"311435"	"Lee@hookedhelmet.com"	"http://www.crystaldecisions.com"	"65-321-0072"	"65-321-4545"
193	193	"Budapest Sports"	"Dario"	"Ionascu"	"Mr."	"Owner"	23246.55	"Blvd. N. Balcescu 2322"		"Bucharest"	"Bucharesti"	"Romania"	"4532211"	"Ionascu@clearairtrans.com"	"http://www.crystaldecisions.com"	"40-1-2332-8585"	"40-1-2332-8580"
194	194	"Save-on-Cycles"	"Julianne"	"Derby"	"Ms."	"Owner"	70000.00	"245 Mill Avenue"		"Riyadh"	"Eastern Province"	"Saudi Arabia"	"3634422"	"Derby@whistlertrntals.com"	"http://www.crystaldecisions.com"	"966-1-3404-3941"	"966-1-3404-3979"
195	195	"Bangkok Sports"	"Lee"	"Chang"	"Mr."	"Owner"	70000.50	"133/7 Yaowarat Road"		"Bangkok"	"Bangkok"	"Thailand"	"6865"	"Chang@trailblazers.com"	"http://www.crystaldecisions.com"	"66-2-9400-2022"	"66-2-9400-2322"
196	196	"Hanoi Bike Company"	"Twan"	"Ha"	"Mr."	"Owner"	15492.32	"Ho Chi Minh 3411"		"Hanoi"	"Hanoi"	"Vietnam"	"43HJG"	"Ha@bikesntrikes.com"	"http://www.crystaldecisions.com"	"84-4-992-20202"	"84-4-992-20234"
197	197	"Tienda de Repuestos Caracas"	"Maria"	"Santos"	"Mrs."	"Owner"	36000.00	"Av San Jorge 2011"		"Caracas"	"Distrito Federal"	"Venezuela"	"32111"	"Santos@rockshocks.com"	"http://www.crystaldecisions.com"	"58-2-3434-7728"	"58-2-3434-7771"
198	198	"UAE Cycle"	"Vivek"	"Parmar"	"Mr."	"Sales Representative"	95900.85	"Post Box: 278"		"Abu Dhabi"	"Abu Dhabi"	"United Arab Emirates"	"3453"	"Parmar@mountainmadmen.com"	"http://www.crystaldecisions.com"	"971-4-9673-9987"	"971-4-9673-9997"
199	199	"Harare Cycle"	"Dwight"	"Mallel"	"Mr."	"Owner"	22600.23	"4290 Shell Aveneue"		"Harare"	"Distrito Federal"	"Zimbabwe"	"403943"	"Mallel@offroadbike.com"	"http://www.crystaldecisions.com"	"263-4-943-9034"	"263-4-943-9035"
201	201	"Kiev-North Sports"	"Leon"	"Demidov"	"Mr."	"Sales Representative"	84500.55	"Krzhizhanovskogo ul., 5663"		"Kiev"	"Kiev"	"Ukraine"	"6865986"	"Demidov@psychocycle.com"	"http://www.crystaldecisions.com"	"380-44-923-2302"	"380-44-923-2345"
202	202	"Sunrise Cycle"	"Josephine"	"McGillan"	"Mrs."	"Sales Representative"	1690.05	"40 Chartwell Drive"		"Ashford"	"Kent"	"England"	"BH7 7EL"	"McGillan@bikeaholics.com"	"http://www.crystaldecisions.com"	"44-135-342-2932"	"44-135-342-2922"
203	203	"Source One Cycle"	"Tina"	"Waldorf"	"Ms."	"Sales Agent"	1119.50	"19 Old Christchurch Road"		"Bournemouth"	"Dorset"	"England"	"BH1 2EW"	"Waldorf@pathfinders.com"	"http://www.crystaldecisions.com"	"44-334-449-0291"	"44-334-449-2893"
204	204	"Wheel to Wheel"	"Brent"	"Butterfield"	"Mr."	"Sales Representative"	5912.70	"199 Bisley Street"		"Southampton"	"Hampshire"	"England"	"SO15 1AG"	"Butterfield@rowdyrims.com"	"http://www.crystaldecisions.com"	"44-171-377-9766"	"44-171-377-9321"
205	205	"McDonald Klein Sports"	"Trent"	"McDonald"	"Mr."	"Owner"	3618.00	"40 Epping road"	"Suite 245"	"Bristol"	"Avon"	"England"	"BS1 3AD"	"McDonald@greatbike.com"	"http://www.crystaldecisions.com"	"44-341-211-0431"	"44-341-211-0233"
206	206	"Tom's Bikes"	"Thomas"	"Dadwood"	"Mr."	"Sales Representative"	36330.00	"14 Kipling Avenue"		"Nottingham"	"Nottinghamshire"	"England"	"NG1 5RH"	"Dadwood@madmountain.com"	"http://www.crystaldecisions.com"	"44-377-573-0294"	"44-377-920-1331"
207	207	"Hit the Dirt"	"Samantha"	"Raintree"	"Ms."	"Owner"	4637.00	"91 Bruton Road"		"Cambridge"	"Cambridgeshire"	"England"	"CB2 3DT"	"Raintree@offthemountain.com"	"http://www.crystaldecisions.com"	"44-334-530-0193"	"44-334-530-0930"
208	208	"LifeCycle"	"Derek"	"Young"	"Mr."	"Owner"	6644.19	"59 Beacon Hill Road"		"Leeds"	"West Yorkshire"	"England"	"LS1 6ET"	"Young@fulcrum.com"	"http://www.crystaldecisions.com"	"44-131-321-8432"	"44-131-321-8445"
209	209	"Westerly Sports"	"Shelly"	"Cornwall"	"Miss"	"Owner"	47.00	"3 Old Duke Circus"	"Floor 11"	"Birmingham"	"West Midlands"	"England"	"B2 4JQ"	"Cornwall@spokes.com"	"http://www.crystaldecisions.com"	"44-171-341-0763"	"44-171-645-0765"
210	210	"Donview Bike Co."	"Russ"	"Clemmens"	"Mr."	"Sales Agent"	35.00	"41 South Gate"	"St Matthews House"	"Sunderland"	"Co Durham"	"England"	"SR6 8DB"	"Clemmens@tothelimit.com"	"http://www.crystaldecisions.com"	"44-171-449-9201"	"44-171-449-9204"
211	211	"Platinum Sports"	"Timothy"	"Gilligan"	"Mr."	"Sales Agent"	10800.00	"31 West Colton Drive"		"Edinburgh"	"Lothian"	"Scotland"	"EH2 2PB"	"Gilligan@spokesfolks.com"	"http://www.crystaldecisions.com"	"44-131-330-6981"	"44-131-330-5100"
212	212	"Dublin Cycle Centre"	"Shane"	"O'Tool"	"Mr."	"Owner"	2727.30	"6 South Moor Lane"		"Dublin"	"Dublin"	"Ireland"		"O'Tool@herculesmountain.com"	"http://www.crystaldecisions.com"	"353-1-7973-9201"	"353-1-7973-9237"
213	213	"Top 'o' the World Cycle"	"Mike"	"O'Sullivan"	"Mr."	"Owner"	8967.71	"156 Slaight Road"	"Suite 102"	"Belfast"	"County Antrim"	"Northern Ireland"	"BT2 7AP"	"O'Sullivan@pedals.com"	"http://www.crystaldecisions.com"	"44-1232-462002"	"44-1232-422942"
214	214	"Bicycle Basics"	"Drew"	"Broadwin"	"Mr."	"Sales Manager"	72000.00	"59 Old Stone Road"		"Cardiff"	"South Glamorgan"	"Wales"	"CF1 2EQ"	"Broadwin@roadrunners.com"	"http://www.crystaldecisions.com"	"44-1452-029-0292"	"44-1452-029-0442"
215	215	"Great Outdoors"	"Jackie"	"Ball"	"Ms."	"Owner"	3024.85	"17 West Port Circle"		"Manchester"	"Greater Manchester"	"England"	"M60 2DS"	"Ball@blazingsaddles.com"	"http://www.crystaldecisions.com"	"44-131-319-3600"	"44-131-319-3643"
216	216	"Exeter Cycle Source"	"Sid"	"Moore"	"Mr."	"Owner"	1030.08	"55 Cornwall Drive"		"Exeter"	"Devon"	"England"	"EX4 3SP"	"Moore@extremecycling.com"	"http://www.crystaldecisions.com"	"44-181-866-0293"	"44-181-866-2032"
217	217	"Picadilly Cycle"	"Julian"	"Windsor"	"Mr."	"Owner"	5321.25	"29 West Chesterfield Avenue"		"London"	"Greater London"	"England"	"SW19 4UE"	"Windsor@corporatecycle.com"	"http://www.crystaldecisions.com"	"44-171-531-0221"	"44-171-531-0223"
218	218	"Life Cycle Centre"	"Rod"	"Filmore"	"Mr."	"Owner"	8819.55	"1 Featherstone Way"	"Sunflower House"	"Maidenhead"	"Berkshire"	"England"	"SL6 2PZ"	"Filmore@crankcompenents.com"	"http://www.crystaldecisions.com"	"44-181-221-0328"	"44-181-223-9320"
219	219	"Cycle Fever"	"Jake"	"Cosgrove"	"Mr."	"Sales Representative"	6629.10	"2002 Bloor Street West"	"Suite 102"	"Toronto"	"ON"	"Canada"	"M6S 4X9"	"Cosgrove@unicycle.com"	"http://www.crystaldecisions.com"	"416-766-5007"	"416-761-5007"
220	220	"Wheels 'n' Deals"	"Sylvia"	"Canton"	"Ms."	"Sales Manager"	2850.85	"168 Creswell Drive"		"Beaconsfield"	"PQ"	"Canada"	"H9W 1E7"	"Canton@wheelsnstuff.com"	"http://www.crystaldecisions.com"	"514-697-0077"	"514-695-9901"
221	221	"Halifax Cycle Centre"	"Grant"	"Targell"	"Mr."	"Sales Manager"	1489.05	"1946 Herring Cove Road"		"Halifax"	"NS"	"Canada"	"B3R 1V9"	"Targell@changinggears.com"	"http://www.crystaldecisions.com"	"902-477-9666"	"902-477-3201"
222	222	"Dag City Cycle"	"Dag"	"Jozwell"	"Mr."	"Sales Representative"	1276.74	"2975 Portage Street"		"Winnipeg"	"MB"	"Canada"	"R3J 0N9"	"Jozwell@blazingbikes.com"	"http://www.crystaldecisions.com"	"204-949-6053"	"204-948-0012"
223	223	"Don't Tread On Me"	"Don"	"Julian"	"Mr."	"Owner"	5879.70	"20011 Slater Street"		"Ottawa"	"ON"	"Canada"	"K1A 3W9"	"Julian@bikesbrothers.com"	"http://www.crystaldecisions.com"	"613-235-6617"	"613-230-9826"
224	224	"Min Dong Toy Store"	"Fang"	"Zhou"	"Mrs."	"Sales Manager"	6467.35	"411 Yanan Rd, #301"		"Shanghai"	"Shanghai"	"China"	"200239"	"Zhou@rockyroadsters.com"	"http://www.crystaldecisions.com"	"86-10-5353-7878"	"862-10-5353-7879"
225	225	"JinJing Sports"	"Fan"	"Zhang"	"Mr."	"Owner"	13434.90	"585 Jian She Road"		"Tianjin"	"Tianjin"	"China"	"356001"	"Zhang@onetrachmind.com"	"http://www.crystaldecisions.com"	"86-10-9536-0909"	"86-10-9536-0910"
226	226	"Yue Xiu Bicycles"	"XinQiang"	"Wang"	"Mr."	"Owner"	17484.75	"777 Jian Guo Avenue"		"Guangzhou"	"Guangdong"	"China"	"370999"	"Wang@hangintwo.com"	"http://www.crystaldecisions.com"	"86-21-3492-3294"	"86-21-3492-3296"
227	227	"Hao Nannu Outdoors"	"Dong Sheng"	"Yu"	"Mr."	"Owner"	8819.55	"888 Chuan Qian Road"		"Chengdu"	"Sichuan"	"China"	"250895"	"Yu@familybiking.com"	"http://www.crystaldecisions.com"	"86-21-8392-3283"	"86-21-8392-3232"
228	228	"Globe Bike"	"David"	"Chan"	"Mr."	"Sales Manager"	10245.55	"383-407 Hennessy Road"	"Wan Chai"	"Hong Kong SAR"	"Hong Kong SAR"	"China"	"573222"	"Chan@worldoftires.com"	"http://www.crystaldecisions.com"	"852-4667-9393"	"852-4667-9393"
229	229	"Newpeople Biking Ltd."	"Edward"	"Yan"	"Mr."	"Owner"	7981.41	"600 Jordan Road"	"Kowloon"	"Hong Kong SAR"	"Hong Kong SAR"	"China"	"863356"	"Yan@olympicbikes.com"	"http://www.crystaldecisions.com"	"852-3778-2929"	"852-3778-2927"
230	230	"C&C Sports People"	"Mark"	"Wang"	"Mr."	"Owner"	2546.12	"Floor 3, 100 East Point Road"	"Causeway Bay"	"Hong Kong SAR"	"Hong Kong SAR"	"China"	"357677"	"Wang@bikestrikes.com"	"http://www.crystaldecisions.com"	"852-3838-1919"	"852-3838-1929"
231	231	"AIC Childrens"	"Ng Chun"	"Yuen"	"Mr."	"Owner"	5879.70	"303-404 Pricecess Building"	"Central"	"Hong Kong SAR"	"Hong Kong SAR"	"China"	"439433"	"Yuen@tearsforgears.com"	"http://www.crystaldecisions.com"	"852-3998-2044"	"852-3832-1071"
232	232	"Fast Mover Pte Ltd"	"Tan Boon"	"Cheng"	"Mr."	"Owner"	4751.00	"108 International Business Park"		"Singapore"	"Singapore"	"Singapore"	"609929"	"Cheng@caledonia.com"	"http://www.crystaldecisions.com"	"65-533-0932"	"65-533-4395"
233	233	"United Bikers"	"Mary"	"Lim"	"Mrs."	"Owner"	26489.30	"338 Robinson Road"		"Singapore"	"Singapore"	"Singapore"	"368911"	"Lim@bikingbums.com"	"http://www.crystaldecisions.com"	"65-775-4677"	"65-775-0372"
234	234	"JR Biking Limited"	"Lee Kah"	"Seng"	"Mr."	"Owner"	1019.40	"1800 Exeter Road"		"Singapore"	"Singapore"	"Singapore"	"239732"	"Seng@firstgear.com"	"http://www.crystaldecisions.com"	"65-209-3341"	"65-209-3001"
235	235	"Heuristic Beach Pte Ltd"	"Abdul Rahman Bin"	"Fandi"	"Mr."	"Owner"	1823.65	"2048 Alexandra Road"	"Suite 100"	"Singapore"	"Singapore"	"Singapore"	"119954"	"Fandi@againstthewind.com"	"http://www.crystaldecisions.com"	"65-227-3432"	"65-227-4677"
236	236	"Ministry of Sports"	"Ben"	"Govindansamy"	"Mr."	"Sales Manager"	8819.55	"16 Maxwell Road"		"Singapore"	"Singapore"	"Singapore"	"169111"	"Govindansamy@citycyclists.com"	"http://www.crystaldecisions.com"	"65-455-2311"	"65-455-0038"
237	237	"Salvado Bike Store"	"Adriano"	"Pinto"	"Mr."	"Sales Manager"	5879.70	"Eurico Lara 423/524"		"Rio Grande"	"Rio Grande do Sul"	"Brazil"	"90880-390"	"Pinto@goingincircles.com"	"http://www.crystaldecisions.com"	"55-61-2934-3849"	"55-61-2934-1119"
238	238	"Brasilia Outdoors"	"Americo"	"Machado"	"Mr."	"Sales Agent"	13466.50	"Teixeira Soares, 895"	"Santa Tereza"	"Minas Gerais"	"Belo Horizonte"	"Brazil"	"31015-040"	"Machado@cyclistslife.com"	"http://www.crystaldecisions.com"	"55-85-1032-1093"	"55-85-1032-2323"
239	239	"Rio De Janeiro Bikers"	"André"	"Pedro"	"Mr."	"Owner"	133551.30	"Av. Rio Branco, 95 / 7º andar"		"Rio de Janeiro"	"Rio de Janeiro"	"Brazil"	"20093-900"	"Pedro@discountbikes.com"	"http://www.crystaldecisions.com"	"55-11-4929-4929"	"55-11-4929-4343"
240	240	"Saveiros SA"	"André"	"da Silva"	"Mr."	"Owner"	5879.70	"Teixeira Soares, 2223"		"São Paulo"	"São Paulo"	"Brazil"	"20093-400"	"da Silva@canadianbikes.com"	"http://www.crystaldecisions.com"	"55-85-2392-0193"	"55-85-2392-3323"
241	241	"Outdoors Ltda"	"André"	"Fontes"	"Mr."	"Owner"	2378.35	"Rua Silex, 165"		"São Paulo"	"São Paulo"	"Brazil"	"04082-001"	"Fontes@bobsbikes.com"	"http://www.crystaldecisions.com"	"55-61-2929-3723"	"55-61-2929-3223"
242	242	"Hamburg Räder"	"Arne"	"Schmeth"	"Mr."	"Sales Representative"	1787.50	"Iltisstrasse 24"		"Essen"	"Nordrhein-Westfalen"	"Germany"	"D-45001"	"Schmeth@mikesbikes.com"	"http://www.crystaldecisions.com"	"49-4042-2333-71"	"49-4042-2333-10"
243	243	"Leipzig Freiheit"	"Folkert"	"Heinz"	"Mr."	"Owner"	7829.29	"Bahnstrasse 342-46"		"Berlin"	"Berlin"	"Germany"	"D-10044"	"Heinz@twowheelin.com"	"http://www.crystaldecisions.com"	"49-2024-8855-08"	"49-2024-8855-10"
244	244	"Super Bike"	"Frank"	"Kroger"	"Mr."	"Sales Representative"	1072.80	"Geisbergstr. 311"		"Hamburg"	"Hamburg"	"Germany"	"D-22121"	"Kroger@bombaybicycle.com"	"http://www.crystaldecisions.com"	"49-6196-9559-22"	"49-6196-9559-10"
245	245	"Berlin Biking GmBH."	"Gunter"	"Schatz"	"Mr."	"Owner"	2989.35	"D-80042 Weissenfeld"		"München"	"Bayern"	"Germany"	"D-80042"	"Schatz@bennythespokes.com"	"http://www.crystaldecisions.com"	"49-3220-0485-51"	"49-3220-0485-10"
246	246	"Dortmont Rad Kaufhaus"	"Holger"	"Warnecke"	"Mr."	"Sales Representative"	59468.94	"CMR 4434"		"Düsseldorf"	"Nordrhein-Westfalen"	"Germany"	"D-40029"	"Warnecke@bikesbikes.com"	"http://www.crystaldecisions.com"	"49-3944-0432-57"	"49-3944-0432-10"
247	247	"Offroad Bike Verleih"	"Juergen"	"Rudolf"	"Mr."	"Owner"	1623.15	"Koningswinterer Strasse 800"		"Berlin"	"Berlin"	"Germany"	"D-14059"	"Rudolf@roughterrain.com"	"http://www.crystaldecisions.com"	"49-3022-0486-14"	"49-3022-0486-10"
248	248	"Berg auf Trails GmBH."	"Peter"	"Schmit"	"Mr."	"Sales Manager"	2939.29	"CMR 4490"		"Düsseldorf"	"Nordrhein-Westfalen"	"Germany"	"D-40608"	"Schmit@cyclopath.com"	"http://www.crystaldecisions.com"	"49-6400-0443-23"	"49-6400-0443-10"
249	249	"Milano Bike Store"	"Angelo"	"Nucchi"	"Mr."	"Sales Agent"	6755.80	"Via Anagnina 483"		"Milan"	"Lombardia"	"Italy"	"42898"	"Nucchi@tandemcycle.com"	"http://www.crystaldecisions.com"	"39-10-2849-1038"	"39-10-2849-1000"
250	250	"Brescia Mountainers"	"David"	"Giovanni"	"Mr."	"Sales Manager"	181444.66	"Via Angelo Maj, 22"		"Rome"	"Lazio"	"Italy"	"42210"	"Giovanni@ontheedge.com"	"http://www.crystaldecisions.com"	"39-55-9202-9592"	"39-55-9202-9534"
251	251	"Nogoya Paths"	"Hatsuko"	"Kumasaka"	"Mr."	"Sales Agent"	8819.55	"C.ITOH Bldg. 12-1"	"Minato-Ku"	"Hiroshima"	"Hiroshima Ken"	"Japan"	"106-4553"	"Kumasaka@tek.com"	"http://www.crystaldecisions.com"	"81-1-3321-3336"	"81-1-3321-0192"
252	252	"Yokohama Biking Fans"	"Miyako"	"Katayama"	"Mr."	"Owner"	2003.10	"Yokosuka Naval Base-Building 1955 Room 8"		"Kobe"	"Hyogo Ken"	"Japan"	"124-2293"	"Katayama@bikingheaven.com"	"http://www.crystaldecisions.com"	"81-1-3022-0349"	"81-1-3022-2100"
253	253	"Bendai Mountain Bikers"	"Tomoaki"	"Tanahashi"	"Mr."	"Sales Manager"	14076.80	"A.ITOH Bldg. 15-3"	"Minato-Ku"	"Tokyo"	"Tokyo To"	"Japan"	"232-9333"	"Tanahashi@bikerspath.com"	"http://www.crystaldecisions.com"	"81-2-6676-0746"	"81-2-6676-4302"
254	254	"Totory Ken Cyclists"	"Yoshio"	"Shimoyama"	"Mr."	"Owner"	5913.60	"Bell Ace Building 8F"		"Yokohama"	"Kanagawa Ken"	"Japan"	"112-3293"	"Shimoyama@bikesrus.com"	"http://www.crystaldecisions.com"	"81-2-2221-3606"	"81-2-2221-0771"
255	255	"Tiempo Libre Monterrey"	"Jose"	"Garcia"	"Mr."	"Sales Manager"	8819.55	"Thiers 3251-34"		"Acapulco"	"Guerrero"	"Mexico"	"34323"	"Garcia@bikeshopmars.com"	"http://www.crystaldecisions.com"	"52-5-553-0933"	"52-5-553-0934"
256	256	"Tiempo Libre Acapulco"	"Manuel"	"Hernandez"	"Mr."	"Sales Manager"	9595.70	"Apaseo El Alto 11, Col Valle del Tepeyac"		"Puerto Vallarta"	"Jalisco"	"Mexico"	"04929"	"Hernandez@feelgreat.com"	"http://www.crystaldecisions.com"	"52-5-300-0113"	"52-5-300-0134"
257	257	"Bicicletas  de Montaña Cancun"	"Ana Maria"	"Fernandez"	"Ms."	"Owner"	1551.18	"Puebla # 903 Primer Piso"		"Cancun"	"Quintana Roo"	"Mexico"	"02994"	"Fernandez@bikefest.com"	"http://www.crystaldecisions.com"	"52-2-255-8965"	"52-2-255-9403"
258	258	"Guadalajara en ruedas"	"Laura"	"Torres"	"Ms."	"Sales Manager"	83664.80	"Hernandez y Hernandez No.699"		"Mazatlan"	"Sinaloa"	"Mexico"	"92041"	"Torres@bikinghiking.com"	"http://www.crystaldecisions.com"	"52-1-357-9443"	"52-1-357-9433"
259	259	"Bicycles Alex"	"Alex"	"Alvarez"	"Ms."	"Owner"	62627.65	"Rufino Tamayo 395"		"Ciudad de Mexico"	"Distrito Federal"	"Mexico"	"03853"	"Alvarez@bicycleraces.com"	"http://www.crystaldecisions.com"	"52-5-207-1010"	"52-5-207-1011"
260	260	"New Trails"	"George"	"Robins"	"Mr."	"Sales Manager"	1716.20	"181 Wellesley Street"		"Christchurch"	"Canterbury"	"New Zealand"		"Robins@fredsbikes.com"	"http://www.crystaldecisions.com"	"64-3-4920-2044"	"64-3-4920-3421"
261	261	"Beach Trails and Wheels"	"Alastair"	"Jackson"	"Mr."	"Sales Representative"	2944.00	"374 Great Road"		"Hamilton"	"Waikato"	"New Zealand"		"Jackson@philsbikes.com"	"http://www.crystaldecisions.com"	"64-2-9112-2031"	"64-2-9112-2033"
262	262	"Forested Hills"	"Gary"	"Birch"	"Mr."	"Sales Agent"	1067.30	"4 Bond St."		"Wellington"	"Wellington"	"New Zealand"		"Birch@colinsbikes.com"	"http://www.crystaldecisions.com"	"64-1-4044-2904"	"64-1-4044-2934"
263	263	"Bill's Bikes"	"Bill"	"Anderson"	"Mr."	"Owner"	2459.40	"8035 Owl Road"		"New Plymouth"	"Taranaki"	"New Zealand"		"Anderson@barrysbikes.com"	"http://www.crystaldecisions.com"	"64-9-0014-4041"	"64-9-0014-2334"
264	264	"Lisbon Cyclists"	"Jorge"	"Faustino"	"Mr."	"Owner"	329.85	"Av. Artur Soares, 828 - 1700"		"Lisbon"	"Lisbon"	"Portugal"	"1700"	"Faustino@tonysbikes.com"	"http://www.crystaldecisions.com"	"351-1-49-09-441"	"351-1-49-09-850"
265	265	"Evora Family Sports"	"André"	"Palacio"	"Mr."	"Sales Manager"	3638.01	"R. D. Estefƒnia, 12 - 2000 Lisb"		"Lisbon"	"Lisbon"	"Portugal"	"1900"	"Palacio@ridedownamountain.com"	"http://www.crystaldecisions.com"	"351-41-43-46-902"	"351-41-43-46-990"
266	266	"Souzel Bike Rentals"	"Adriano"	"Malva"	"Mr."	"Sales Agent"	1472.27	"Polo Tecnologico Lote 39"		"Lisbon"	"Lisbon"	"Portugal"	"1600-480"	"Malva@makingtracks.com"	"http://www.crystaldecisions.com"	"351-44-09-23-677"	"351-44-09-23-690"
267	267	"Tom's Place for Bikes"	"Jimmy"	"Hatch"	"Mr."	"Sales Representative"	36400.67	"545 Peachtree Road"		"Johannesburg"	"Gauteng (PWV)"	"South Africa"	"2385"	"Hatch@tiendadp.com"	"http://www.crystaldecisions.com"	"27-15-923-0300"	"27-15-923-0301"
268	268	"Coastal Line Bikes"	"Caron"	"Ryans"	"Ms."	"Owner"	1130.40	"22th Flr  Safren House"		"Johannesburg"	"Gauteng (PWV)"	"South Africa"	"3001"	"Ryans@hanoibike.com"	"http://www.crystaldecisions.com"	"27-11-294-0001"	"27-11-294-4453"
269	269	"Hikers and Bikers"	"Steven"	"Sharp"	"Mr."	"Owner"	8300.80	"1844 Beach Avenue"		"Johannesburg"	"Gauteng (PWV)"	"South Africa"	"4201"	"Sharp@bicyclebasics.com"	"http://www.crystaldecisions.com"	"27-13-940-0302"	"27-13-940-0309"
270	270	"Mountain View Sport"	"Fran"	"Durant"	"Mr."	"Sales Manager"	65231.70	"1443 Main Street"	"Suite 990"	"Auckland"	"Auckland"	"New Zealand"		"Durant@hararecycle.com"	"http://www.crystaldecisions.com"	"64-9-2939-2995"	"64-9-2939-2934"
